,codeBlockId,codeBlock_start,codeBlock_end,codeBlock_fileinfo,codeblock_Code,tokens,codeCloneBlockId,codeCloneBlock_Fileinfo,Similarity_Tokens,Similarity_Variable_Flow,Similarity_MethodCall_Flow,nloc,change_type,commitinfo,committer_date,sum,Revision,datetime
0,CodeBlock1,10,19,D:/projects/clone/test_project/Chapter11\Rational - Copy.java,"['   public static void main(String args[]){', '      Rational\ttemp1\t= new\tRational();', '      temp1.setNumerator(17);', '      temp1.setDenominator(-12);', '      temp1.printRational();', '      Rational\ttemp2\t= new\tRational(temp1.getDenominator(),15);', '      temp2.negate();', '      temp2.invert();', '      System.out.println(temp2+"" ""+temp2.add(temp1)+"" ""+temp2.toDouble());', '   }']","{'public': 1, 'static': 1, 'void': 1, 'main': 1, 'String': 1, 'TOKEN_VARIABLE': 7, 'new': 2, 'Rational': 2, 'setNumerator': 1, 'INTEGER_LITERAL': 8, 'setDenominator': 1, 'printRational': 1, 'getDenominator': 1, 'negate': 1, 'invert': 1, 'println': 1, 'STRING_LITERAL': 2, 'add': 1, 'toDouble': 1}",CodeBlock2,D:/projects/clone/test_project/Chapter11\Rational.java,1,1,1,4,<NA>,<NA>,<class 'datetime.date'>,<NA>,19,2022-10-19 02:30:28.895471
1,CodeBlock2,10,19,D:/projects/clone/test_project/Chapter11\Rational.java,"['   public static void main(String args[]){', '      Rational\ttemp1\t= new\tRational();', '      temp1.setNumerator(17);', '      temp1.setDenominator(-12);', '      temp1.printRational();', '      Rational\ttemp2\t= new\tRational(temp1.getDenominator(),15);', '      temp2.negate();', '      temp2.invert();', '      System.out.println(temp2+"" ""+temp2.add(temp1)+"" ""+temp2.toDouble());', '   }']","{'public': 1, 'static': 1, 'void': 1, 'main': 1, 'String': 1, 'TOKEN_VARIABLE': 7, 'new': 2, 'Rational': 2, 'setNumerator': 1, 'INTEGER_LITERAL': 8, 'setDenominator': 1, 'printRational': 1, 'getDenominator': 1, 'negate': 1, 'invert': 1, 'println': 1, 'STRING_LITERAL': 2, 'add': 1, 'toDouble': 1}",CodeBlock1,D:/projects/clone/test_project/Chapter11\Rational - Copy.java,1,1,1,4,<NA>,<NA>,<class 'datetime.date'>,<NA>,19,2022-10-19 02:30:28.895471
2,CodeBlock7,30,44,D:/projects/clone/test_project/Chapter13\Card - Copy.java,"['    public int compareTo(Card that) {', '        if (this.suit < that.suit) {', '            return -1;', '        }', '        if (this.suit > that.suit) {', '            return 1;', '        }', '        if (this.rank < that.rank) {', '            return -1;', '        }', '        if (this.rank > that.rank) {', '            return 1;', '        }', '        return 0;', '    }']","{'public': 1, 'int': 1, 'compareTo': 1, 'TOKEN_VARIABLE': 10, 'if': 4, 'return': 5, 'INTEGER_LITERAL': 7}",CodeBlock8,D:/projects/clone/test_project/Chapter13\Card.java,1,1,1,4,<NA>,<NA>,<class 'datetime.date'>,<NA>,19,2022-10-19 02:30:28.895471
3,CodeBlock7,30,44,D:/projects/clone/test_project/Chapter13\Card - Copy.java,"['    public int compareTo(Card that) {', '        if (this.suit < that.suit) {', '            return -1;', '        }', '        if (this.suit > that.suit) {', '            return 1;', '        }', '        if (this.rank < that.rank) {', '            return -1;', '        }', '        if (this.rank > that.rank) {', '            return 1;', '        }', '        return 0;', '    }']","{'public': 1, 'int': 1, 'compareTo': 1, 'TOKEN_VARIABLE': 10, 'if': 4, 'return': 5, 'INTEGER_LITERAL': 7}",CodeBlock19,D:/projects/clone/test_project/Chapter14\Card - Copy.java,1,1,1,4,<NA>,<NA>,<class 'datetime.date'>,<NA>,19,2022-10-19 02:30:28.895471
4,CodeBlock7,30,44,D:/projects/clone/test_project/Chapter13\Card - Copy.java,"['    public int compareTo(Card that) {', '        if (this.suit < that.suit) {', '            return -1;', '        }', '        if (this.suit > that.suit) {', '            return 1;', '        }', '        if (this.rank < that.rank) {', '            return -1;', '        }', '        if (this.rank > that.rank) {', '            return 1;', '        }', '        return 0;', '    }']","{'public': 1, 'int': 1, 'compareTo': 1, 'TOKEN_VARIABLE': 10, 'if': 4, 'return': 5, 'INTEGER_LITERAL': 7}",CodeBlock20,D:/projects/clone/test_project/Chapter14\Card.java,1,1,1,4,<NA>,<NA>,<class 'datetime.date'>,<NA>,19,2022-10-19 02:30:28.895471
5,CodeBlock8,30,44,D:/projects/clone/test_project/Chapter13\Card.java,"['    public int compareTo(Card that) {', '        if (this.suit < that.suit) {', '            return -1;', '        }', '        if (this.suit > that.suit) {', '            return 1;', '        }', '        if (this.rank < that.rank) {', '            return -1;', '        }', '        if (this.rank > that.rank) {', '            return 1;', '        }', '        return 0;', '    }']","{'public': 1, 'int': 1, 'compareTo': 1, 'TOKEN_VARIABLE': 10, 'if': 4, 'return': 5, 'INTEGER_LITERAL': 7}",CodeBlock7,D:/projects/clone/test_project/Chapter13\Card - Copy.java,1,1,1,4,<NA>,<NA>,<class 'datetime.date'>,<NA>,19,2022-10-19 02:30:28.895471
6,CodeBlock8,30,44,D:/projects/clone/test_project/Chapter13\Card.java,"['    public int compareTo(Card that) {', '        if (this.suit < that.suit) {', '            return -1;', '        }', '        if (this.suit > that.suit) {', '            return 1;', '        }', '        if (this.rank < that.rank) {', '            return -1;', '        }', '        if (this.rank > that.rank) {', '            return 1;', '        }', '        return 0;', '    }']","{'public': 1, 'int': 1, 'compareTo': 1, 'TOKEN_VARIABLE': 10, 'if': 4, 'return': 5, 'INTEGER_LITERAL': 7}",CodeBlock19,D:/projects/clone/test_project/Chapter14\Card - Copy.java,1,1,1,4,<NA>,<NA>,<class 'datetime.date'>,<NA>,19,2022-10-19 02:30:28.895471
7,CodeBlock8,30,44,D:/projects/clone/test_project/Chapter13\Card.java,"['    public int compareTo(Card that) {', '        if (this.suit < that.suit) {', '            return -1;', '        }', '        if (this.suit > that.suit) {', '            return 1;', '        }', '        if (this.rank < that.rank) {', '            return -1;', '        }', '        if (this.rank > that.rank) {', '            return 1;', '        }', '        return 0;', '    }']","{'public': 1, 'int': 1, 'compareTo': 1, 'TOKEN_VARIABLE': 10, 'if': 4, 'return': 5, 'INTEGER_LITERAL': 7}",CodeBlock20,D:/projects/clone/test_project/Chapter14\Card.java,1,1,1,4,<NA>,<NA>,<class 'datetime.date'>,<NA>,19,2022-10-19 02:30:28.895471
8,CodeBlock9,155,164,D:/projects/clone/test_project/Chapter13\Deck - Copy.java,"['   public Deck() {', '      this.cards = new Card[52];', '      int index = 0;', '      for (int suit = 0; suit <= 3; suit++) {', '         for (int rank = 1; rank <= 13; rank++) {', '            this.cards[index] = new Card(rank, suit);', '            index++;', '         }', '      }', '   }']","{'public': 1, 'Deck': 1, 'TOKEN_VARIABLE': 14, 'new': 2, 'INTEGER_LITERAL': 12, 'int': 3, 'for': 2, 'Card': 1}",CodeBlock13,D:/projects/clone/test_project/Chapter13\Deck.java,1,1,1,4,<NA>,<NA>,<class 'datetime.date'>,<NA>,19,2022-10-19 02:30:28.895471
9,CodeBlock10,71,100,D:/projects/clone/test_project/Chapter13\Deck - Copy.java,"['   public static Deck merge(Deck d1, Deck d2) {', '      Card[] c1 = d1.getCards();', '      Card[] c2 = d2.getCards();', '      int l1 = c1.length;', '      int l2 = c2.length;', '      Card[] sorted = new Card[l1+l2];', '      int i = 0;', '      int j = 0;', '      if (l1 == 0){ { ', '         sorted = c2; } ', '      } ', '      else if (l2 == 0){ {  { ', '         sorted = c1; } ', '      } ', '      else {', '         for (int k = 0;k<sorted.length;k++){ { ', '            if (j >= c2.length || i < c1.length && c1[i].compareTo(c2[j]) <= 0){ { ', '               sorted[k] = c1[i]; } ', '               i++; } ', '            } ', '            else {', '               sorted[k] = c2[j]; } ', '               j++;', '            }', '         }', '      }', '      Deck deck = new Deck(l1+l2);', '      deck.cards = sorted;', '      return deck;', '   }']","{'public': 1, 'static': 1, 'TOKEN_VARIABLE': 58, 'merge': 1, 'getCards': 2, 'int': 5, 'new': 2, 'INTEGER_LITERAL': 14, 'if': 3, 'for': 1, 'compareTo': 1, 'Deck': 1, 'return': 1}",CodeBlock14,D:/projects/clone/test_project/Chapter13\Deck.java,1,1,1,4,<NA>,<NA>,<class 'datetime.date'>,<NA>,19,2022-10-19 02:30:28.895471
10,CodeBlock11,105,116,D:/projects/clone/test_project/Chapter13\Deck - Copy.java,"['   public Deck mergeSort() {', '      int len = cards.length;', '      if (len == 0 || len == 1){ { ', '         return this; } ', '      } ', '      else {', '         int mid = len / 2;', '         Deck d1 = subdeck(0, mid - 1).mergeSort();', '         Deck d2 = subdeck(mid, len -1).mergeSort();', '         return merge(d1, d2);', '      }', '   }']","{'public': 1, 'TOKEN_VARIABLE': 17, 'mergeSort': 3, 'int': 2, 'if': 1, 'INTEGER_LITERAL': 8, 'return': 2, 'this': 1, 'subdeck': 2, 'merge': 1}",CodeBlock15,D:/projects/clone/test_project/Chapter13\Deck.java,1,1,1,4,<NA>,<NA>,<class 'datetime.date'>,<NA>,19,2022-10-19 02:30:28.895471
11,CodeBlock12,121,132,D:/projects/clone/test_project/Chapter13\Deck - Copy.java,"['   public void insertionSort() {', '      for (int i=1;i<cards.length;i++){ { ', '         for (int j=i; j>0;j--){ { ', '            if (cards[j-1].compareTo(cards[j]) == 1){', '               swapCards(j-1,j); } ', '            } ', '            else {', '               break; } ', '            }', '         }', '      }', '   }']","{'public': 1, 'void': 1, 'insertionSort': 1, 'for': 2, 'int': 2, 'TOKEN_VARIABLE': 15, 'INTEGER_LITERAL': 11, 'if': 1, 'compareTo': 1, 'swapCards': 1, 'break': 1}",CodeBlock16,D:/projects/clone/test_project/Chapter13\Deck.java,1,1,1,4,<NA>,<NA>,<class 'datetime.date'>,<NA>,19,2022-10-19 02:30:28.895471
12,CodeBlock13,155,164,D:/projects/clone/test_project/Chapter13\Deck.java,"['   public Deck() {', '      this.cards = new Card[52];', '      int index = 0;', '      for (int suit = 0; suit <= 3; suit++) {', '         for (int rank = 1; rank <= 13; rank++) {', '            this.cards[index] = new Card(rank, suit);', '            index++;', '         }', '      }', '   }']","{'public': 1, 'Deck': 1, 'TOKEN_VARIABLE': 14, 'new': 2, 'INTEGER_LITERAL': 12, 'int': 3, 'for': 2, 'Card': 1}",CodeBlock9,D:/projects/clone/test_project/Chapter13\Deck - Copy.java,1,1,1,4,<NA>,<NA>,<class 'datetime.date'>,<NA>,19,2022-10-19 02:30:28.895471
13,CodeBlock14,71,100,D:/projects/clone/test_project/Chapter13\Deck.java,"['   public static Deck merge(Deck d1, Deck d2) {', '      Card[] c1 = d1.getCards();', '      Card[] c2 = d2.getCards();', '      int l1 = c1.length;', '      int l2 = c2.length;', '      Card[] sorted = new Card[l1+l2];', '      int i = 0;', '      int j = 0;', '      if (l1 == 0){ { ', '         sorted = c2; } ', '      } ', '      else if (l2 == 0){ {  { ', '         sorted = c1; } ', '      } ', '      else {', '         for (int k = 0;k<sorted.length;k++){ { ', '            if (j >= c2.length || i < c1.length && c1[i].compareTo(c2[j]) <= 0){ { ', '               sorted[k] = c1[i]; } ', '               i++; } ', '            } ', '            else {', '               sorted[k] = c2[j]; } ', '               j++;', '            }', '         }', '      }', '      Deck deck = new Deck(l1+l2);', '      deck.cards = sorted;', '      return deck;', '   }']","{'public': 1, 'static': 1, 'TOKEN_VARIABLE': 58, 'merge': 1, 'getCards': 2, 'int': 5, 'new': 2, 'INTEGER_LITERAL': 14, 'if': 3, 'for': 1, 'compareTo': 1, 'Deck': 1, 'return': 1}",CodeBlock10,D:/projects/clone/test_project/Chapter13\Deck - Copy.java,1,1,1,4,<NA>,<NA>,<class 'datetime.date'>,<NA>,19,2022-10-19 02:30:28.895471
14,CodeBlock15,105,116,D:/projects/clone/test_project/Chapter13\Deck.java,"['   public Deck mergeSort() {', '      int len = cards.length;', '      if (len == 0 || len == 1){ { ', '         return this; } ', '      } ', '      else {', '         int mid = len / 2;', '         Deck d1 = subdeck(0, mid - 1).mergeSort();', '         Deck d2 = subdeck(mid, len -1).mergeSort();', '         return merge(d1, d2);', '      }', '   }']","{'public': 1, 'TOKEN_VARIABLE': 17, 'mergeSort': 3, 'int': 2, 'if': 1, 'INTEGER_LITERAL': 8, 'return': 2, 'this': 1, 'subdeck': 2, 'merge': 1}",CodeBlock11,D:/projects/clone/test_project/Chapter13\Deck - Copy.java,1,1,1,4,<NA>,<NA>,<class 'datetime.date'>,<NA>,19,2022-10-19 02:30:28.895471
15,CodeBlock16,121,132,D:/projects/clone/test_project/Chapter13\Deck.java,"['   public void insertionSort() {', '      for (int i=1;i<cards.length;i++){ { ', '         for (int j=i; j>0;j--){ { ', '            if (cards[j-1].compareTo(cards[j]) == 1){', '               swapCards(j-1,j); } ', '            } ', '            else {', '               break; } ', '            }', '         }', '      }', '   }']","{'public': 1, 'void': 1, 'insertionSort': 1, 'for': 2, 'int': 2, 'TOKEN_VARIABLE': 15, 'INTEGER_LITERAL': 11, 'if': 1, 'compareTo': 1, 'swapCards': 1, 'break': 1}",CodeBlock12,D:/projects/clone/test_project/Chapter13\Deck - Copy.java,1,1,1,4,<NA>,<NA>,<class 'datetime.date'>,<NA>,19,2022-10-19 02:30:28.895471
16,CodeBlock17,21,42,D:/projects/clone/test_project/Chapter13\Test - Copy.java,"['   public static void main(String[] args) {', '      Deck deck;', '      ', '      System.out.println(""Testing selection..."");', '      deck = new Deck();', '      deck.shuffle();', '      deck.selectionSort();', '      ', '      checkSorted(deck);', '   ', '      System.out.println(""Testing mergesort..."");', '      deck = new Deck();', '      deck.shuffle();', '      deck = deck.mergeSort();', '      checkSorted(deck);', '', '      System.out.println(""Testing insertion..."");', '      deck = new Deck();', '      deck.shuffle();', '      deck.insertionSort();', '      checkSorted(deck);', '   }']","{'public': 1, 'static': 1, 'void': 1, 'main': 1, 'String': 1, 'TOKEN_VARIABLE': 10, 'println': 3, 'STRING_LITERAL': 3, 'new': 3, 'Deck': 3, 'shuffle': 3, 'selectionSort': 1, 'checkSorted': 3, 'mergeSort': 1, 'insertionSort': 1}",CodeBlock18,D:/projects/clone/test_project/Chapter13\Test.java,1,1,1,4,<NA>,<NA>,<class 'datetime.date'>,<NA>,19,2022-10-19 02:30:28.895471
17,CodeBlock18,21,42,D:/projects/clone/test_project/Chapter13\Test.java,"['   public static void main(String[] args) {', '      Deck deck;', '      ', '      System.out.println(""Testing selection..."");', '      deck = new Deck();', '      deck.shuffle();', '      deck.selectionSort();', '      ', '      checkSorted(deck);', '   ', '      System.out.println(""Testing mergesort..."");', '      deck = new Deck();', '      deck.shuffle();', '      deck = deck.mergeSort();', '      checkSorted(deck);', '', '      System.out.println(""Testing insertion..."");', '      deck = new Deck();', '      deck.shuffle();', '      deck.insertionSort();', '      checkSorted(deck);', '   }']","{'public': 1, 'static': 1, 'void': 1, 'main': 1, 'String': 1, 'TOKEN_VARIABLE': 10, 'println': 3, 'STRING_LITERAL': 3, 'new': 3, 'Deck': 3, 'shuffle': 3, 'selectionSort': 1, 'checkSorted': 3, 'mergeSort': 1, 'insertionSort': 1}",CodeBlock17,D:/projects/clone/test_project/Chapter13\Test - Copy.java,1,1,1,4,<NA>,<NA>,<class 'datetime.date'>,<NA>,19,2022-10-19 02:30:28.895471
18,CodeBlock19,37,51,D:/projects/clone/test_project/Chapter14\Card - Copy.java,"['   public int compareTo(Card that) {', '      if (suit < that.suit) {', '         return -1;', '      }', '      if (suit > that.suit) {', '         return 1;', '      }', '      if (rank < that.rank) {', '         return -1;', '      }', '      if (rank > that.rank) {', '         return 1;', '      }', '      return 0;', '   }']","{'public': 1, 'int': 1, 'compareTo': 1, 'TOKEN_VARIABLE': 10, 'if': 4, 'return': 5, 'INTEGER_LITERAL': 7}",CodeBlock7,D:/projects/clone/test_project/Chapter13\Card - Copy.java,1,1,1,4,<NA>,<NA>,<class 'datetime.date'>,<NA>,19,2022-10-19 02:30:28.895471
19,CodeBlock19,37,51,D:/projects/clone/test_project/Chapter14\Card - Copy.java,"['   public int compareTo(Card that) {', '      if (suit < that.suit) {', '         return -1;', '      }', '      if (suit > that.suit) {', '         return 1;', '      }', '      if (rank < that.rank) {', '         return -1;', '      }', '      if (rank > that.rank) {', '         return 1;', '      }', '      return 0;', '   }']","{'public': 1, 'int': 1, 'compareTo': 1, 'TOKEN_VARIABLE': 10, 'if': 4, 'return': 5, 'INTEGER_LITERAL': 7}",CodeBlock8,D:/projects/clone/test_project/Chapter13\Card.java,1,1,1,4,<NA>,<NA>,<class 'datetime.date'>,<NA>,19,2022-10-19 02:30:28.895471
20,CodeBlock19,37,51,D:/projects/clone/test_project/Chapter14\Card - Copy.java,"['   public int compareTo(Card that) {', '      if (suit < that.suit) {', '         return -1;', '      }', '      if (suit > that.suit) {', '         return 1;', '      }', '      if (rank < that.rank) {', '         return -1;', '      }', '      if (rank > that.rank) {', '         return 1;', '      }', '      return 0;', '   }']","{'public': 1, 'int': 1, 'compareTo': 1, 'TOKEN_VARIABLE': 10, 'if': 4, 'return': 5, 'INTEGER_LITERAL': 7}",CodeBlock20,D:/projects/clone/test_project/Chapter14\Card.java,1,1,1,4,<NA>,<NA>,<class 'datetime.date'>,<NA>,19,2022-10-19 02:30:28.895471
21,CodeBlock20,37,51,D:/projects/clone/test_project/Chapter14\Card.java,"['   public int compareTo(Card that) {', '      if (suit < that.suit) {', '         return -1;', '      }', '      if (suit > that.suit) {', '         return 1;', '      }', '      if (rank < that.rank) {', '         return -1;', '      }', '      if (rank > that.rank) {', '         return 1;', '      }', '      return 0;', '   }']","{'public': 1, 'int': 1, 'compareTo': 1, 'TOKEN_VARIABLE': 10, 'if': 4, 'return': 5, 'INTEGER_LITERAL': 7}",CodeBlock7,D:/projects/clone/test_project/Chapter13\Card - Copy.java,1,1,1,4,<NA>,<NA>,<class 'datetime.date'>,<NA>,19,2022-10-19 02:30:28.895471
22,CodeBlock20,37,51,D:/projects/clone/test_project/Chapter14\Card.java,"['   public int compareTo(Card that) {', '      if (suit < that.suit) {', '         return -1;', '      }', '      if (suit > that.suit) {', '         return 1;', '      }', '      if (rank < that.rank) {', '         return -1;', '      }', '      if (rank > that.rank) {', '         return 1;', '      }', '      return 0;', '   }']","{'public': 1, 'int': 1, 'compareTo': 1, 'TOKEN_VARIABLE': 10, 'if': 4, 'return': 5, 'INTEGER_LITERAL': 7}",CodeBlock8,D:/projects/clone/test_project/Chapter13\Card.java,1,1,1,4,<NA>,<NA>,<class 'datetime.date'>,<NA>,19,2022-10-19 02:30:28.895471
23,CodeBlock20,37,51,D:/projects/clone/test_project/Chapter14\Card.java,"['   public int compareTo(Card that) {', '      if (suit < that.suit) {', '         return -1;', '      }', '      if (suit > that.suit) {', '         return 1;', '      }', '      if (rank < that.rank) {', '         return -1;', '      }', '      if (rank > that.rank) {', '         return 1;', '      }', '      return 0;', '   }']","{'public': 1, 'int': 1, 'compareTo': 1, 'TOKEN_VARIABLE': 10, 'if': 4, 'return': 5, 'INTEGER_LITERAL': 7}",CodeBlock19,D:/projects/clone/test_project/Chapter14\Card - Copy.java,1,1,1,4,<NA>,<NA>,<class 'datetime.date'>,<NA>,19,2022-10-19 02:30:28.895471
24,CodeBlock21,51,74,D:/projects/clone/test_project/Chapter14\Eights - Copy.java,"['   public Eights(ArrayList<EightsPlayer> players) {', '      EightsDeck deck = new EightsDeck(""Deck"");', '      deck.shuffle();', '   ', '      ', '      int handSize = 5;', '      this.players = players;', '      for (int i=0;i<players.size();i++) { ', '         deck.deal(players.get(i).getHand(), handSize); } ', '   ', '      random = new Random();', '      current = random.nextInt(players.size());', '   ', '      ', '      discardPile = new EightsCardCollection(""Discards"");', '      deck.deal(discardPile, 1);', '   ', '      ', '      drawPile = new EightsCardCollection(""Draw pile"");', '      deck.dealAll(drawPile);', '   ', '      ', '      in = new Scanner(System.in);', '   }']","{'public': 1, 'Eights': 1, 'TOKEN_VARIABLE': 21, 'new': 5, 'EightsDeck': 1, 'STRING_LITERAL': 3, 'shuffle': 1, 'int': 2, 'INTEGER_LITERAL': 5, 'for': 1, 'size': 2, 'deal': 2, 'get': 1, 'getHand': 1, 'Random': 1, 'nextInt': 1, 'EightsCardCollection': 2, 'dealAll': 1, 'Scanner': 1}",CodeBlock25,D:/projects/clone/test_project/Chapter14\Eights.java,1,1,1,4,<NA>,<NA>,<class 'datetime.date'>,<NA>,19,2022-10-19 02:30:28.895471
25,CodeBlock22,23,37,D:/projects/clone/test_project/Chapter14\Eights - Copy.java,"['   public static void test(ArrayList<EightsPlayer> players, int count){', '      int total = players.size();   ', '      int[] scores = new int[total];', '      int[] board = new int[total];', '      for (int round=0;round<count;round++){ { ', '         Eights newGame = new Eights(players); } ', '         int[] result = newGame.play();', '         for (int i = 0;i<total;i++){ scores[i] += result[i]; } { ', '         board[newGame.getWinner()] += 1; } ', '      }', '      System.out.printf(""\\n\\n----[Report for %d test(s)]----\\n"", count); { ', '      for (int i=0;i<total;i++){', '         System.out.printf(""Player %s: %.2f percent, lost: %d points\\n"", players.get(i).getName(), board[i]*100/(double)count, scores[i]); } ', '      }', '   }']","{'public': 1, 'static': 1, 'void': 1, 'test': 1, 'TOKEN_VARIABLE': 37, 'int': 10, 'size': 1, 'new': 3, 'for': 3, 'INTEGER_LITERAL': 13, 'Eights': 1, 'play': 1, 'getWinner': 1, 'printf': 2, 'STRING_LITERAL': 2, 'get': 1, 'getName': 1, 'double': 1}",CodeBlock26,D:/projects/clone/test_project/Chapter14\Eights.java,1,1,1,4,<NA>,<NA>,<class 'datetime.date'>,<NA>,19,2022-10-19 02:30:28.895471
26,CodeBlock23,79,99,D:/projects/clone/test_project/Chapter14\Eights - Copy.java,"['   public int[] play() {', '      EightsPlayer player = players.get(current);', '      ', '      ', '      while (!isDone()) {', '         displayState();', '         waitForUser();', '         takeTurn(player);', '         player = nextPlayer();', '      }', '   ', '      ', '      int[] result = new int[players.size()];', '      for (int i = 0;i<players.size();i++){ { ', '         EightsPlayer user = players.get(i); } ', '         user.displayScore();', '         result[i] = user.score();', '      }', '      winner = previousIndex();', '      return result;', '   }']","{'public': 1, 'int': 4, 'play': 1, 'TOKEN_VARIABLE': 16, 'get': 2, 'while': 1, 'isDone': 1, 'displayState': 1, 'waitForUser': 1, 'takeTurn': 1, 'nextPlayer': 1, 'new': 1, 'size': 2, 'for': 1, 'INTEGER_LITERAL': 3, 'displayScore': 1, 'score': 1, 'previousIndex': 1, 'return': 1}",CodeBlock27,D:/projects/clone/test_project/Chapter14\Eights.java,1,1,1,4,<NA>,<NA>,<class 'datetime.date'>,<NA>,19,2022-10-19 02:30:28.895471
27,CodeBlock24,191,203,D:/projects/clone/test_project/Chapter14\Eights - Copy.java,"['   public void reshuffle() {', '      ', '      EightsCard prev = discardPile.removeLast();', '   ', '      ', '      discardPile.dealAll(drawPile);', '   ', '      ', '      discardPile.append(prev);', '   ', '      ', '      drawPile.shuffle();', '   }']","{'public': 1, 'void': 1, 'reshuffle': 1, 'TOKEN_VARIABLE': 4, 'removeLast': 1, 'dealAll': 1, 'append': 1, 'shuffle': 1}",CodeBlock28,D:/projects/clone/test_project/Chapter14\Eights.java,1,1,1,4,<NA>,<NA>,<class 'datetime.date'>,<NA>,19,2022-10-19 02:30:28.895471
28,CodeBlock25,51,74,D:/projects/clone/test_project/Chapter14\Eights.java,"['   public Eights(ArrayList<EightsPlayer> players) {', '      EightsDeck deck = new EightsDeck(""Deck"");', '      deck.shuffle();', '   ', '      ', '      int handSize = 5;', '      this.players = players;', '      for (int i=0;i<players.size();i++) { ', '         deck.deal(players.get(i).getHand(), handSize); } ', '   ', '      random = new Random();', '      current = random.nextInt(players.size());', '   ', '      ', '      discardPile = new EightsCardCollection(""Discards"");', '      deck.deal(discardPile, 1);', '   ', '      ', '      drawPile = new EightsCardCollection(""Draw pile"");', '      deck.dealAll(drawPile);', '   ', '      ', '      in = new Scanner(System.in);', '   }']","{'public': 1, 'Eights': 1, 'TOKEN_VARIABLE': 21, 'new': 5, 'EightsDeck': 1, 'STRING_LITERAL': 3, 'shuffle': 1, 'int': 2, 'INTEGER_LITERAL': 5, 'for': 1, 'size': 2, 'deal': 2, 'get': 1, 'getHand': 1, 'Random': 1, 'nextInt': 1, 'EightsCardCollection': 2, 'dealAll': 1, 'Scanner': 1}",CodeBlock21,D:/projects/clone/test_project/Chapter14\Eights - Copy.java,1,1,1,4,<NA>,<NA>,<class 'datetime.date'>,<NA>,19,2022-10-19 02:30:28.895471
29,CodeBlock26,23,37,D:/projects/clone/test_project/Chapter14\Eights.java,"['   public static void test(ArrayList<EightsPlayer> players, int count){', '      int total = players.size();   ', '      int[] scores = new int[total];', '      int[] board = new int[total];', '      for (int round=0;round<count;round++){ { ', '         Eights newGame = new Eights(players); } ', '         int[] result = newGame.play();', '         for (int i = 0;i<total;i++){ scores[i] += result[i]; } { ', '         board[newGame.getWinner()] += 1; } ', '      }', '      System.out.printf(""\\n\\n----[Report for %d test(s)]----\\n"", count); { ', '      for (int i=0;i<total;i++){', '         System.out.printf(""Player %s: %.2f percent, lost: %d points\\n"", players.get(i).getName(), board[i]*100/(double)count, scores[i]); } ', '      }', '   }']","{'public': 1, 'static': 1, 'void': 1, 'test': 1, 'TOKEN_VARIABLE': 37, 'int': 10, 'size': 1, 'new': 3, 'for': 3, 'INTEGER_LITERAL': 13, 'Eights': 1, 'play': 1, 'getWinner': 1, 'printf': 2, 'STRING_LITERAL': 2, 'get': 1, 'getName': 1, 'double': 1}",CodeBlock22,D:/projects/clone/test_project/Chapter14\Eights - Copy.java,1,1,1,4,<NA>,<NA>,<class 'datetime.date'>,<NA>,19,2022-10-19 02:30:28.895471
30,CodeBlock27,79,99,D:/projects/clone/test_project/Chapter14\Eights.java,"['   public int[] play() {', '      EightsPlayer player = players.get(current);', '      ', '      ', '      while (!isDone()) {', '         displayState();', '         waitForUser();', '         takeTurn(player);', '         player = nextPlayer();', '      }', '   ', '      ', '      int[] result = new int[players.size()];', '      for (int i = 0;i<players.size();i++){ { ', '         EightsPlayer user = players.get(i); } ', '         user.displayScore();', '         result[i] = user.score();', '      }', '      winner = previousIndex();', '      return result;', '   }']","{'public': 1, 'int': 4, 'play': 1, 'TOKEN_VARIABLE': 16, 'get': 2, 'while': 1, 'isDone': 1, 'displayState': 1, 'waitForUser': 1, 'takeTurn': 1, 'nextPlayer': 1, 'new': 1, 'size': 2, 'for': 1, 'INTEGER_LITERAL': 3, 'displayScore': 1, 'score': 1, 'previousIndex': 1, 'return': 1}",CodeBlock23,D:/projects/clone/test_project/Chapter14\Eights - Copy.java,1,1,1,4,<NA>,<NA>,<class 'datetime.date'>,<NA>,19,2022-10-19 02:30:28.895471
31,CodeBlock28,191,203,D:/projects/clone/test_project/Chapter14\Eights.java,"['   public void reshuffle() {', '      ', '      EightsCard prev = discardPile.removeLast();', '   ', '      ', '      discardPile.dealAll(drawPile);', '   ', '      ', '      discardPile.append(prev);', '   ', '      ', '      drawPile.shuffle();', '   }']","{'public': 1, 'void': 1, 'reshuffle': 1, 'TOKEN_VARIABLE': 4, 'removeLast': 1, 'dealAll': 1, 'append': 1, 'shuffle': 1}",CodeBlock24,D:/projects/clone/test_project/Chapter14\Eights - Copy.java,1,1,1,4,<NA>,<NA>,<class 'datetime.date'>,<NA>,19,2022-10-19 02:30:28.895471
32,CodeBlock29,19,30,D:/projects/clone/test_project/Chapter14\EightsCard - Copy.java,"['   public boolean matches(EightsCard that){', '      if (getSuit() == that.getSuit()) {', '         return true;', '      }', '      if (getRank() == that.getRank()) {', '         return true;', '      }', '      if (getRank() == 8) {', '         return true;', '      }', '      return false;', '   }']","{'public': 1, 'boolean': 1, 'matches': 1, 'TOKEN_VARIABLE': 6, 'if': 3, 'getSuit': 2, 'return': 4, 'getRank': 3, 'INTEGER_LITERAL': 1}",CodeBlock31,D:/projects/clone/test_project/Chapter14\EightsCard.java,1,1,1,4,<NA>,<NA>,<class 'datetime.date'>,<NA>,19,2022-10-19 02:30:28.895471
33,CodeBlock30,35,46,D:/projects/clone/test_project/Chapter14\EightsCard - Copy.java,"['   public int score(){', '      int rank = getRank();', '      if (rank == 8) {', '         return -20;', '      } ', '      else if (rank > 10) {', '         return -10;', '      } ', '      else {', '         return -rank;', '      }', '   }']","{'public': 1, 'int': 2, 'score': 1, 'TOKEN_VARIABLE': 6, 'getRank': 1, 'if': 2, 'INTEGER_LITERAL': 7, 'return': 3}",CodeBlock32,D:/projects/clone/test_project/Chapter14\EightsCard.java,1,1,1,4,<NA>,<NA>,<class 'datetime.date'>,<NA>,19,2022-10-19 02:30:28.895471
34,CodeBlock31,19,30,D:/projects/clone/test_project/Chapter14\EightsCard.java,"['   public boolean matches(EightsCard that){', '      if (getSuit() == that.getSuit()) {', '         return true;', '      }', '      if (getRank() == that.getRank()) {', '         return true;', '      }', '      if (getRank() == 8) {', '         return true;', '      }', '      return false;', '   }']","{'public': 1, 'boolean': 1, 'matches': 1, 'TOKEN_VARIABLE': 6, 'if': 3, 'getSuit': 2, 'return': 4, 'getRank': 3, 'INTEGER_LITERAL': 1}",CodeBlock29,D:/projects/clone/test_project/Chapter14\EightsCard - Copy.java,1,1,1,4,<NA>,<NA>,<class 'datetime.date'>,<NA>,19,2022-10-19 02:30:28.895471
35,CodeBlock32,35,46,D:/projects/clone/test_project/Chapter14\EightsCard.java,"['   public int score(){', '      int rank = getRank();', '      if (rank == 8) {', '         return -20;', '      } ', '      else if (rank > 10) {', '         return -10;', '      } ', '      else {', '         return -rank;', '      }', '   }']","{'public': 1, 'int': 2, 'score': 1, 'TOKEN_VARIABLE': 6, 'getRank': 1, 'if': 2, 'INTEGER_LITERAL': 7, 'return': 3}",CodeBlock30,D:/projects/clone/test_project/Chapter14\EightsCard - Copy.java,1,1,1,4,<NA>,<NA>,<class 'datetime.date'>,<NA>,19,2022-10-19 02:30:28.895471
36,CodeBlock33,26,37,D:/projects/clone/test_project/Chapter14\EightsGenius - Copy.java,"['   private static int eval(int rank, int total, boolean vary){', '      if (rank > 10){ { ', '         return 10; } ', '      }', '      if (rank == 8){ { ', '         if (total < 5 && !vary){ { ', '            return 12; } ', '         }', '         return 0; } ', '      }', '      return rank;', '   }']","{'private': 1, 'static': 1, 'int': 3, 'eval': 1, 'TOKEN_VARIABLE': 8, 'boolean': 1, 'if': 3, 'INTEGER_LITERAL': 6, 'return': 4}",CodeBlock35,D:/projects/clone/test_project/Chapter14\EightsGenius.java,1,1,1,4,<NA>,<NA>,<class 'datetime.date'>,<NA>,19,2022-10-19 02:30:28.895471
37,CodeBlock34,42,85,D:/projects/clone/test_project/Chapter14\EightsGenius - Copy.java,"['   public EightsCard searchForMatch(EightsCard prev) {', '      int[] suitStat = new int[4];', '      int[] rankStat = new int[14];', '      int index = -1;', '      EightsCardCollection pile = getHand();', '      ArrayList<Integer> possible = new ArrayList<Integer>();', '      for (int i = 0; i < pile.size(); i++) {', '         EightsCard card = pile.getCardAt(i);', '         int suit = card.getSuit();', '         int rank = card.getRank();', '         suitStat[suit] += 1;', '         rankStat[rank] += 1;', '         if (card.matches(prev)){  { ', '            possible.add(i); } ', '            if (possible.size() == 1){ index = i; } { ', '         }', '      }', '      int total = possible.size(); } ', '      if (total == 0){  { ', '         return null;  } ', '      } ', '      if (total > 1){ { ', '          ', '         int max = -1; } ', '         boolean vary = true;', '         for (int i=0;i<4;i++){  { ', '            if (suitStat[i] == 0){ { ', '               vary = false;  } ', '               break; } ', '            } ', '         }', '         for (int i=0;i<total;i++){ { ', '            int position = possible.get(i); } ', '            EightsCard card = pile.getCardAt(position);  ', '            int rank = card.getRank();', '            int suit = card.getSuit();', '            int val = eval(rank, total, vary);', '            ', '            int value = val * 3 + suitStat[suit] * 6 + rankStat[rank] * 5;', '            if (value > max) { index = position; max = value; }', '         }', '      }', '      return pile.removeAt(index);', '   }']","{'public': 1, 'TOKEN_VARIABLE': 71, 'searchForMatch': 1, 'int': 17, 'new': 3, 'INTEGER_LITERAL': 29, 'getHand': 1, 'for': 3, 'size': 3, 'getCardAt': 2, 'getSuit': 2, 'getRank': 2, 'if': 6, 'matches': 1, 'add': 1, 'return': 2, 'boolean': 1, 'break': 1, 'get': 1, 'eval': 1, 'removeAt': 1}",CodeBlock36,D:/projects/clone/test_project/Chapter14\EightsGenius.java,1,1,1,4,<NA>,<NA>,<class 'datetime.date'>,<NA>,19,2022-10-19 02:30:28.895471
38,CodeBlock35,26,37,D:/projects/clone/test_project/Chapter14\EightsGenius.java,"['   private static int eval(int rank, int total, boolean vary){', '      if (rank > 10){ { ', '         return 10; } ', '      }', '      if (rank == 8){ { ', '         if (total < 5 && !vary){ { ', '            return 12; } ', '         }', '         return 0; } ', '      }', '      return rank;', '   }']","{'private': 1, 'static': 1, 'int': 3, 'eval': 1, 'TOKEN_VARIABLE': 8, 'boolean': 1, 'if': 3, 'INTEGER_LITERAL': 6, 'return': 4}",CodeBlock33,D:/projects/clone/test_project/Chapter14\EightsGenius - Copy.java,1,1,1,4,<NA>,<NA>,<class 'datetime.date'>,<NA>,19,2022-10-19 02:30:28.895471
39,CodeBlock36,42,85,D:/projects/clone/test_project/Chapter14\EightsGenius.java,"['   public EightsCard searchForMatch(EightsCard prev) {', '      int[] suitStat = new int[4];', '      int[] rankStat = new int[14];', '      int index = -1;', '      EightsCardCollection pile = getHand();', '      ArrayList<Integer> possible = new ArrayList<Integer>();', '      for (int i = 0; i < pile.size(); i++) {', '         EightsCard card = pile.getCardAt(i);', '         int suit = card.getSuit();', '         int rank = card.getRank();', '         suitStat[suit] += 1;', '         rankStat[rank] += 1;', '         if (card.matches(prev)){  { ', '            possible.add(i); } ', '            if (possible.size() == 1){ index = i; } { ', '         }', '      }', '      int total = possible.size(); } ', '      if (total == 0){  { ', '         return null;  } ', '      } ', '      if (total > 1){ { ', '          ', '         int max = -1; } ', '         boolean vary = true;', '         for (int i=0;i<4;i++){  { ', '            if (suitStat[i] == 0){ { ', '               vary = false;  } ', '               break; } ', '            } ', '         }', '         for (int i=0;i<total;i++){ { ', '            int position = possible.get(i); } ', '            EightsCard card = pile.getCardAt(position);  ', '            int rank = card.getRank();', '            int suit = card.getSuit();', '            int val = eval(rank, total, vary);', '            ', '            int value = val * 3 + suitStat[suit] * 6 + rankStat[rank] * 5;', '            if (value > max) { index = position; max = value; }', '         }', '      }', '      return pile.removeAt(index);', '   }']","{'public': 1, 'TOKEN_VARIABLE': 71, 'searchForMatch': 1, 'int': 17, 'new': 3, 'INTEGER_LITERAL': 29, 'getHand': 1, 'for': 3, 'size': 3, 'getCardAt': 2, 'getSuit': 2, 'getRank': 2, 'if': 6, 'matches': 1, 'add': 1, 'return': 2, 'boolean': 1, 'break': 1, 'get': 1, 'eval': 1, 'removeAt': 1}",CodeBlock34,D:/projects/clone/test_project/Chapter14\EightsGenius - Copy.java,1,1,1,4,<NA>,<NA>,<class 'datetime.date'>,<NA>,19,2022-10-19 02:30:28.895471
40,CodeBlock37,77,86,D:/projects/clone/test_project/Chapter14\EightsPlayer - Copy.java,"['   public EightsCard drawForMatch(Eights eights, EightsCard prev) {', '      while (true) {', '         EightsCard card = eights.draw();', '         System.out.println(getName() + "" draws "" + card);', '         if (card.matches(prev)) {', '            return card;', '         }', '         getHand().append(card);', '      }', '   }']","{'public': 1, 'TOKEN_VARIABLE': 12, 'drawForMatch': 1, 'while': 1, 'draw': 1, 'println': 1, 'getName': 1, 'INTEGER_LITERAL': 2, 'STRING_LITERAL': 1, 'if': 1, 'matches': 1, 'return': 1, 'getHand': 1, 'append': 1}",CodeBlock38,D:/projects/clone/test_project/Chapter14\EightsPlayer.java,1,1,1,4,<NA>,<NA>,<class 'datetime.date'>,<NA>,19,2022-10-19 02:30:28.895471
41,CodeBlock38,77,86,D:/projects/clone/test_project/Chapter14\EightsPlayer.java,"['   public EightsCard drawForMatch(Eights eights, EightsCard prev) {', '      while (true) {', '         EightsCard card = eights.draw();', '         System.out.println(getName() + "" draws "" + card);', '         if (card.matches(prev)) {', '            return card;', '         }', '         getHand().append(card);', '      }', '   }']","{'public': 1, 'TOKEN_VARIABLE': 12, 'drawForMatch': 1, 'while': 1, 'draw': 1, 'println': 1, 'getName': 1, 'INTEGER_LITERAL': 2, 'STRING_LITERAL': 1, 'if': 1, 'matches': 1, 'return': 1, 'getHand': 1, 'append': 1}",CodeBlock37,D:/projects/clone/test_project/Chapter14\EightsPlayer - Copy.java,1,1,1,4,<NA>,<NA>,<class 'datetime.date'>,<NA>,19,2022-10-19 02:30:28.895471
42,CodeBlock39,12,21,D:/projects/clone/test_project/Chapter14\GameCenter - Copy.java,"['   public static void main(String args[]){', '      Eights.debug = true;', '      int count = 20;', '      ArrayList<EightsPlayer> players = new ArrayList<EightsPlayer>();', '      players.add(new EightsPlayer(""Random""));', '      players.add(new EightsGenius(""Genius""));', '      players.add(new EightsPlayer(""Random""));', '      players.add(new EightsPlayer(""Random""));', '      Eights.test(players, count);', '   }']","{'public': 1, 'static': 1, 'void': 1, 'main': 1, 'String': 1, 'TOKEN_VARIABLE': 11, 'int': 1, 'INTEGER_LITERAL': 1, 'new': 5, 'add': 4, 'EightsPlayer': 3, 'STRING_LITERAL': 4, 'EightsGenius': 1, 'test': 1}",CodeBlock40,D:/projects/clone/test_project/Chapter14\GameCenter.java,1,1,1,4,<NA>,<NA>,<class 'datetime.date'>,<NA>,19,2022-10-19 02:30:28.895471
43,CodeBlock40,12,21,D:/projects/clone/test_project/Chapter14\GameCenter.java,"['   public static void main(String args[]){', '      Eights.debug = true;', '      int count = 20;', '      ArrayList<EightsPlayer> players = new ArrayList<EightsPlayer>();', '      players.add(new EightsPlayer(""Random""));', '      players.add(new EightsGenius(""Genius""));', '      players.add(new EightsPlayer(""Random""));', '      players.add(new EightsPlayer(""Random""));', '      Eights.test(players, count);', '   }']","{'public': 1, 'static': 1, 'void': 1, 'main': 1, 'String': 1, 'TOKEN_VARIABLE': 11, 'int': 1, 'INTEGER_LITERAL': 1, 'new': 5, 'add': 4, 'EightsPlayer': 3, 'STRING_LITERAL': 4, 'EightsGenius': 1, 'test': 1}",CodeBlock39,D:/projects/clone/test_project/Chapter14\GameCenter - Copy.java,1,1,1,4,<NA>,<NA>,<class 'datetime.date'>,<NA>,19,2022-10-19 02:30:28.895471
44,CodeBlock44,13,26,D:/projects/clone/test_project/Chapter3\NumberGuessGame -duplicate.java,"['   public static void main(String args[]){', '      Scanner console = new Scanner(System.in);', '      System.out.println(""I\'m thinking of a number between 1 and 100"");', '      System.out.println(""(including both). Can you guess what it is?"");', '      System.out.print(""Type a number: "");', '      ', '      int guess = console.nextInt();', '      Random random = new Random();', '      int answer = random.nextInt(100) + 1;', '      ', '      System.out.printf(""Your guess is: %d\\n"", guess);', '      System.out.printf(""The number I was thinking of is: %d\\n"", answer);', '      System.out.printf(""You were off by: %d\\n"", Math.abs(guess - answer));', '   }']","{'public': 1, 'static': 1, 'void': 1, 'main': 1, 'String': 1, 'TOKEN_VARIABLE': 12, 'new': 2, 'Scanner': 1, 'println': 2, 'STRING_LITERAL': 6, 'print': 1, 'int': 2, 'nextInt': 2, 'Random': 1, 'INTEGER_LITERAL': 4, 'printf': 3, 'abs': 1}",CodeBlock45,D:/projects/clone/test_project/Chapter3\NumberGuessGame.java,1,1,1,4,<NA>,<NA>,<class 'datetime.date'>,<NA>,19,2022-10-19 02:30:28.895471
45,CodeBlock45,13,26,D:/projects/clone/test_project/Chapter3\NumberGuessGame.java,"['   public static void main(String args[]){', '      Scanner console = new Scanner(System.in);', '      System.out.println(""I\'m thinking of a number between 1 and 100"");', '      System.out.println(""(including both). Can you guess what it is?"");', '      System.out.print(""Type a number: "");', '      ', '      int guess = console.nextInt();', '      Random random = new Random();', '      int answer = random.nextInt(100) + 1;', '      ', '      System.out.printf(""Your guess is: %d\\n"", guess);', '      System.out.printf(""The number I was thinking of is: %d\\n"", answer);', '      System.out.printf(""You were off by: %d\\n"", Math.abs(guess - answer));', '   }']","{'public': 1, 'static': 1, 'void': 1, 'main': 1, 'String': 1, 'TOKEN_VARIABLE': 12, 'new': 2, 'Scanner': 1, 'println': 2, 'STRING_LITERAL': 6, 'print': 1, 'int': 2, 'nextInt': 2, 'Random': 1, 'INTEGER_LITERAL': 4, 'printf': 3, 'abs': 1}",CodeBlock44,D:/projects/clone/test_project/Chapter3\NumberGuessGame -duplicate.java,1,1,1,4,<NA>,<NA>,<class 'datetime.date'>,<NA>,19,2022-10-19 02:30:28.895471
46,CodeBlock46,12,21,D:/projects/clone/test_project/Chapter3\TimeConverter - duplicate.java,"['   public static void main(String args[]){', '      Scanner console = new Scanner(System.in);', '      System.out.print(""Input the time in seconds: "");', '      int temp = console.nextInt();', '      int hour = temp / 3600;', '      int seconds = temp % 3600;', '      int minute = seconds / 60;', '      seconds = seconds % 60;', '      System.out.printf(""%d second(s) = %d hour(s), %d minute(s), and %d second(s)"", temp, hour, minute, seconds);', '   }']","{'public': 1, 'static': 1, 'void': 1, 'main': 1, 'String': 1, 'TOKEN_VARIABLE': 17, 'new': 1, 'Scanner': 1, 'print': 1, 'STRING_LITERAL': 2, 'int': 4, 'nextInt': 1, 'INTEGER_LITERAL': 4, 'printf': 1}",CodeBlock47,D:/projects/clone/test_project/Chapter3\TimeConverter.java,1,1,1,4,<NA>,<NA>,<class 'datetime.date'>,<NA>,19,2022-10-19 02:30:28.895471
47,CodeBlock47,12,21,D:/projects/clone/test_project/Chapter3\TimeConverter.java,"['   public static void main(String args[]){', '      Scanner console = new Scanner(System.in);', '      System.out.print(""Input the time in seconds: "");', '      int temp = console.nextInt();', '      int hour = temp / 3600;', '      int seconds = temp % 3600;', '      int minute = seconds / 60;', '      seconds = seconds % 60;', '      System.out.printf(""%d second(s) = %d hour(s), %d minute(s), and %d second(s)"", temp, hour, minute, seconds);', '   }']","{'public': 1, 'static': 1, 'void': 1, 'main': 1, 'String': 1, 'TOKEN_VARIABLE': 17, 'new': 1, 'Scanner': 1, 'print': 1, 'STRING_LITERAL': 2, 'int': 4, 'nextInt': 1, 'INTEGER_LITERAL': 4, 'printf': 1}",CodeBlock46,D:/projects/clone/test_project/Chapter3\TimeConverter - duplicate.java,1,1,1,4,<NA>,<NA>,<class 'datetime.date'>,<NA>,19,2022-10-19 02:30:28.895471
48,CodeBlock48,16,30,D:/projects/clone/test_project/Chapter5\Buzz - Copy.java,"['   public static void zippo(String quince, int flag) { ', '      if (flag < 0) {', '', '         System.out.println(quince + "" zoop"");', '', '      } ', '      else {', '', '         System.out.println(""ik"");', '', '         baffle(quince); ', '         System.out.println(""boo-wa-ha-ha"");', '', '      }', '   }']","{'public': 1, 'static': 1, 'void': 1, 'zippo': 1, 'String': 1, 'TOKEN_VARIABLE': 6, 'int': 1, 'if': 1, 'INTEGER_LITERAL': 2, 'println': 3, 'STRING_LITERAL': 3, 'baffle': 1}",CodeBlock49,D:/projects/clone/test_project/Chapter5\Buzz.java,1,1,1,4,<NA>,<NA>,<class 'datetime.date'>,<NA>,19,2022-10-19 02:30:28.895471
49,CodeBlock49,16,30,D:/projects/clone/test_project/Chapter5\Buzz.java,"['   public static void zippo(String quince, int flag) { ', '      if (flag < 0) {', '', '         System.out.println(quince + "" zoop"");', '', '      } ', '      else {', '', '         System.out.println(""ik"");', '', '         baffle(quince); ', '         System.out.println(""boo-wa-ha-ha"");', '', '      }', '   }']","{'public': 1, 'static': 1, 'void': 1, 'zippo': 1, 'String': 1, 'TOKEN_VARIABLE': 6, 'int': 1, 'if': 1, 'INTEGER_LITERAL': 2, 'println': 3, 'STRING_LITERAL': 3, 'baffle': 1}",CodeBlock48,D:/projects/clone/test_project/Chapter5\Buzz - Copy.java,1,1,1,4,<NA>,<NA>,<class 'datetime.date'>,<NA>,19,2022-10-19 02:30:28.895471
50,CodeBlock50,27,42,D:/projects/clone/test_project/Chapter5\NumberGuessGame - Copy.java,"['   private static void guess(int answer){', '      System.out.println(""I\'m thinking of a number between 1 and 100"");', '      System.out.println(""(including both). Can you guess what it is?"");', '      System.out.print(""Type a number: "");', '      ', '      int input = console.nextInt();', '      ', '      if (input == answer){ { ', '         System.out.println(input + "" is correct!""); } ', '      }', '      else {', '         System.out.println(input + "" is too "" + (input > answer ? ""high"" : ""low""));', '         System.out.println(""Try again\\n"");', '         guess(answer);', '      }', '   }']","{'private': 1, 'static': 1, 'void': 1, 'guess': 2, 'int': 2, 'TOKEN_VARIABLE': 10, 'println': 5, 'STRING_LITERAL': 8, 'print': 1, 'nextInt': 1, 'if': 1, 'INTEGER_LITERAL': 3}",CodeBlock51,D:/projects/clone/test_project/Chapter5\NumberGuessGame.java,1,1,1,4,<NA>,<NA>,<class 'datetime.date'>,<NA>,19,2022-10-19 02:30:28.895471
51,CodeBlock51,27,42,D:/projects/clone/test_project/Chapter5\NumberGuessGame.java,"['   private static void guess(int answer){', '      System.out.println(""I\'m thinking of a number between 1 and 100"");', '      System.out.println(""(including both). Can you guess what it is?"");', '      System.out.print(""Type a number: "");', '      ', '      int input = console.nextInt();', '      ', '      if (input == answer){ { ', '         System.out.println(input + "" is correct!""); } ', '      }', '      else {', '         System.out.println(input + "" is too "" + (input > answer ? ""high"" : ""low""));', '         System.out.println(""Try again\\n"");', '         guess(answer);', '      }', '   }']","{'private': 1, 'static': 1, 'void': 1, 'guess': 2, 'int': 2, 'TOKEN_VARIABLE': 10, 'println': 5, 'STRING_LITERAL': 8, 'print': 1, 'nextInt': 1, 'if': 1, 'INTEGER_LITERAL': 3}",CodeBlock50,D:/projects/clone/test_project/Chapter5\NumberGuessGame - Copy.java,1,1,1,4,<NA>,<NA>,<class 'datetime.date'>,<NA>,19,2022-10-19 02:30:28.895471
52,CodeBlock52,35,46,D:/projects/clone/test_project/Chapter9\Recurse - Copy.java,"['   public static boolean isPalindrome(String str){', '      int length = length(str);', '      if (length == 1){ { ', '         return true; } ', '      } ', '      else if (length == 2){ {  { ', '         return first(str) == first(rest(str)); } ', '      } ', '      else {', '         return first(str) == first(reverseString(rest(str))) && isPalindrome(middle(str)); } ', '      }', '   }']","{'public': 1, 'static': 1, 'boolean': 1, 'isPalindrome': 2, 'String': 1, 'TOKEN_VARIABLE': 13, 'int': 1, 'length': 1, 'if': 2, 'INTEGER_LITERAL': 2, 'return': 3, 'first': 4, 'rest': 2, 'reverseString': 1, 'middle': 1}",CodeBlock53,D:/projects/clone/test_project/Chapter9\Recurse.java,1,1,1,4,<NA>,<NA>,<class 'datetime.date'>,<NA>,19,2022-10-19 02:30:28.895471
53,CodeBlock53,35,46,D:/projects/clone/test_project/Chapter9\Recurse.java,"['   public static boolean isPalindrome(String str){', '      int length = length(str);', '      if (length == 1){ { ', '         return true; } ', '      } ', '      else if (length == 2){ {  { ', '         return first(str) == first(rest(str)); } ', '      } ', '      else {', '         return first(str) == first(reverseString(rest(str))) && isPalindrome(middle(str)); } ', '      }', '   }']","{'public': 1, 'static': 1, 'boolean': 1, 'isPalindrome': 2, 'String': 1, 'TOKEN_VARIABLE': 13, 'int': 1, 'length': 1, 'if': 2, 'INTEGER_LITERAL': 2, 'return': 3, 'first': 4, 'rest': 2, 'reverseString': 1, 'middle': 1}",CodeBlock52,D:/projects/clone/test_project/Chapter9\Recurse - Copy.java,1,1,1,4,<NA>,<NA>,<class 'datetime.date'>,<NA>,19,2022-10-19 02:30:28.895471
54,CodeBlock54,10,42,D:/projects/clone/test_project/Chapter9\Test - Copy.java,"['   public static void main(String args[]){', '      ', '', '', '', '', '', '', '', '', '', '', '', '', '      ', '      ', '', '', '', '', '', '      ', '      ', '', '', '', '      ', '      ', '      ', '      ', '      ', '      ', '   }']","{'public': 1, 'static': 1, 'void': 1, 'main': 1, 'String': 1, 'TOKEN_VARIABLE': 1}",CodeBlock55,D:/projects/clone/test_project/Chapter9\Test.java,1,1,1,4,<NA>,<NA>,<class 'datetime.date'>,<NA>,19,2022-10-19 02:30:28.895471
55,CodeBlock55,10,42,D:/projects/clone/test_project/Chapter9\Test.java,"['   public static void main(String args[]){', '      ', '', '', '', '', '', '', '', '', '', '', '', '', '      ', '      ', '', '', '', '', '', '      ', '      ', '', '', '', '      ', '      ', '      ', '      ', '      ', '      ', '   }']","{'public': 1, 'static': 1, 'void': 1, 'main': 1, 'String': 1, 'TOKEN_VARIABLE': 1}",CodeBlock54,D:/projects/clone/test_project/Chapter9\Test - Copy.java,1,1,1,4,<NA>,<NA>,<class 'datetime.date'>,<NA>,19,2022-10-19 02:30:28.895471
56,CodeBlock41,11,21,D:/projects/clone/test_project/Chapter2\Date.java,"['   public static void main(String args[]){', '   ', '      String day = ""Wednesday"", month = ""July"";', '      int date = 20, year = 2016;', '      ', '      System.out.println(""American format:"");', '      System.out.println(day + "", "" + month + "" "" + date + "", "" + year);', '      System.out.println(""European format:"");', '      System.out.println(day + "" "" + date + "" "" + month + "" "" + year);', '   ', '   }']","{'public': 1, 'static': 1, 'void': 1, 'main': 1, 'String': 2, 'TOKEN_VARIABLE': 13, 'STRING_LITERAL': 10, 'int': 1, 'INTEGER_LITERAL': 14, 'println': 4}",CodeBlock42,D:/projects/clone/test_project/Chapter2\date_duplicate.java,1,1,1,4,<NA>,<NA>,<class 'datetime.date'>,<NA>,19,2022-10-19 02:30:28.895471
57,CodeBlock42,11,21,D:/projects/clone/test_project/Chapter2\date_duplicate.java,"['   public static void main(String args[]){', '   ', '      String day = ""Wednesday"", month = ""July"";', '      int date = 20, year = 2016;', '      ', '      System.out.println(""American format:"");', '      System.out.println(day + "", "" + month + "" "" + date + "", "" + year);', '      System.out.println(""European format:"");', '      System.out.println(day + "" "" + date + "" "" + month + "" "" + year);', '   ', '   }']","{'public': 1, 'static': 1, 'void': 1, 'main': 1, 'String': 2, 'TOKEN_VARIABLE': 13, 'STRING_LITERAL': 10, 'int': 1, 'INTEGER_LITERAL': 14, 'println': 4}",CodeBlock41,D:/projects/clone/test_project/Chapter2\Date.java,1,1,1,4,<NA>,<NA>,<class 'datetime.date'>,<NA>,19,2022-10-19 02:30:28.895471
58,CodeBlock43,10,29,D:/projects/clone/test_project/Chapter2\Time.java,"['   public static void main(String args[]){', '   ', '      int timeOfDayInSeconds = 24 * 60 * 60;', '   ', '      int hour = 18, minute = 58, second = 10;', '      int timeSinceMidnightInSeconds = hour * 3600 + minute * 60 + second;', '   ', '      int timeLeftInSeconds = timeOfDayInSeconds - timeSinceMidnightInSeconds;', '   ', '      int startHour = 18, startMinute = 45, startSecond = 36;', '      int startTimeSinceMidnightInSeconds = startHour * 3600 + startMinute * 60 + startSecond; ', '   ', '      int timeInterval = timeSinceMidnightInSeconds - startTimeSinceMidnightInSeconds;', '   ', '      System.out.println(""Time since midnight: "" + timeSinceMidnightInSeconds + "" seconds"");', '      System.out.println(""Time remaining today: "" + timeLeftInSeconds + "" seconds""); ', '      System.out.println(""Percentage of day passed: "" + (double)timeSinceMidnightInSeconds / (double)(24 * 60 *60) +""%"");', '      System.out.println(""Elapsed time: "" + timeInterval + "" seconds"");', '      ', '   }']","{'public': 1, 'static': 1, 'void': 1, 'main': 1, 'String': 1, 'TOKEN_VARIABLE': 26, 'int': 7, 'INTEGER_LITERAL': 30, 'println': 4, 'STRING_LITERAL': 8, 'double': 2}",CodeBlock44,D:/projects/clone/test_project/Chapter2\time_duplicate.java,1,1,1,4,<NA>,<NA>,<class 'datetime.date'>,<NA>,19,2022-10-19 02:30:28.895471
59,CodeBlock44,10,29,D:/projects/clone/test_project/Chapter2\time_duplicate.java,"['   public static void main(String args[]){', '   ', '      int timeOfDayInSeconds = 24 * 60 * 60;', '   ', '      int hour = 18, minute = 58, second = 10;', '      int timeSinceMidnightInSeconds = hour * 3600 + minute * 60 + second;', '   ', '      int timeLeftInSeconds = timeOfDayInSeconds - timeSinceMidnightInSeconds;', '   ', '      int startHour = 18, startMinute = 45, startSecond = 36;', '      int startTimeSinceMidnightInSeconds = startHour * 3600 + startMinute * 60 + startSecond; ', '   ', '      int timeInterval = timeSinceMidnightInSeconds - startTimeSinceMidnightInSeconds;', '   ', '      System.out.println(""Time since midnight: "" + timeSinceMidnightInSeconds + "" seconds"");', '      System.out.println(""Time remaining today: "" + timeLeftInSeconds + "" seconds""); ', '      System.out.println(""Percentage of day passed: "" + (double)timeSinceMidnightInSeconds / (double)(24 * 60 *60) +""%"");', '      System.out.println(""Elapsed time: "" + timeInterval + "" seconds"");', '      ', '   }']","{'public': 1, 'static': 1, 'void': 1, 'main': 1, 'String': 1, 'TOKEN_VARIABLE': 26, 'int': 7, 'INTEGER_LITERAL': 30, 'println': 4, 'STRING_LITERAL': 8, 'double': 2}",CodeBlock43,D:/projects/clone/test_project/Chapter2\Time.java,1,1,1,4,<NA>,<NA>,<class 'datetime.date'>,<NA>,19,2022-10-19 02:30:28.895471
60,CodeBlock45,13,26,D:/projects/clone/test_project/Chapter3\NumberGuessGame -duplicate.java,"['   public static void main(String args[]){', '      Scanner console = new Scanner(System.in);', '      System.out.println(""I\'m thinking of a number between 1 and 100"");', '      System.out.println(""(including both). Can you guess what it is?"");', '      System.out.print(""Type a number: "");', '      ', '      int guess = console.nextInt();', '      Random random = new Random();', '      int answer = random.nextInt(100) + 1;', '      ', '      System.out.printf(""Your guess is: %d\\n"", guess);', '      System.out.printf(""The number I was thinking of is: %d\\n"", answer);', '      System.out.printf(""You were off by: %d\\n"", Math.abs(guess - answer));', '   }']","{'public': 1, 'static': 1, 'void': 1, 'main': 1, 'String': 1, 'TOKEN_VARIABLE': 12, 'new': 2, 'Scanner': 1, 'println': 2, 'STRING_LITERAL': 6, 'print': 1, 'int': 2, 'nextInt': 2, 'Random': 1, 'INTEGER_LITERAL': 4, 'printf': 3, 'abs': 1}",CodeBlock46,D:/projects/clone/test_project/Chapter3\NumberGuessGame.java,1,1,1,4,<NA>,<NA>,<class 'datetime.date'>,<NA>,19,2022-10-19 02:30:28.895471
61,CodeBlock46,13,26,D:/projects/clone/test_project/Chapter3\NumberGuessGame.java,"['   public static void main(String args[]){', '      Scanner console = new Scanner(System.in);', '      System.out.println(""I\'m thinking of a number between 1 and 100"");', '      System.out.println(""(including both). Can you guess what it is?"");', '      System.out.print(""Type a number: "");', '      ', '      int guess = console.nextInt();', '      Random random = new Random();', '      int answer = random.nextInt(100) + 1;', '      ', '      System.out.printf(""Your guess is: %d\\n"", guess);', '      System.out.printf(""The number I was thinking of is: %d\\n"", answer);', '      System.out.printf(""You were off by: %d\\n"", Math.abs(guess - answer));', '   }']","{'public': 1, 'static': 1, 'void': 1, 'main': 1, 'String': 1, 'TOKEN_VARIABLE': 12, 'new': 2, 'Scanner': 1, 'println': 2, 'STRING_LITERAL': 6, 'print': 1, 'int': 2, 'nextInt': 2, 'Random': 1, 'INTEGER_LITERAL': 4, 'printf': 3, 'abs': 1}",CodeBlock45,D:/projects/clone/test_project/Chapter3\NumberGuessGame -duplicate.java,1,1,1,4,<NA>,<NA>,<class 'datetime.date'>,<NA>,19,2022-10-19 02:30:28.895471
62,CodeBlock47,12,21,D:/projects/clone/test_project/Chapter3\TimeConverter - duplicate.java,"['   public static void main(String args[]){', '      Scanner console = new Scanner(System.in);', '      System.out.print(""Input the time in seconds: "");', '      int temp = console.nextInt();', '      int hour = temp / 3600;', '      int seconds = temp % 3600;', '      int minute = seconds / 60;', '      seconds = seconds % 60;', '      System.out.printf(""%d second(s) = %d hour(s), %d minute(s), and %d second(s)"", temp, hour, minute, seconds);', '   }']","{'public': 1, 'static': 1, 'void': 1, 'main': 1, 'String': 1, 'TOKEN_VARIABLE': 17, 'new': 1, 'Scanner': 1, 'print': 1, 'STRING_LITERAL': 2, 'int': 4, 'nextInt': 1, 'INTEGER_LITERAL': 4, 'printf': 1}",CodeBlock48,D:/projects/clone/test_project/Chapter3\TimeConverter.java,1,1,1,4,<NA>,<NA>,<class 'datetime.date'>,<NA>,19,2022-10-19 02:30:28.895471
63,CodeBlock48,12,21,D:/projects/clone/test_project/Chapter3\TimeConverter.java,"['   public static void main(String args[]){', '      Scanner console = new Scanner(System.in);', '      System.out.print(""Input the time in seconds: "");', '      int temp = console.nextInt();', '      int hour = temp / 3600;', '      int seconds = temp % 3600;', '      int minute = seconds / 60;', '      seconds = seconds % 60;', '      System.out.printf(""%d second(s) = %d hour(s), %d minute(s), and %d second(s)"", temp, hour, minute, seconds);', '   }']","{'public': 1, 'static': 1, 'void': 1, 'main': 1, 'String': 1, 'TOKEN_VARIABLE': 17, 'new': 1, 'Scanner': 1, 'print': 1, 'STRING_LITERAL': 2, 'int': 4, 'nextInt': 1, 'INTEGER_LITERAL': 4, 'printf': 1}",CodeBlock47,D:/projects/clone/test_project/Chapter3\TimeConverter - duplicate.java,1,1,1,4,<NA>,<NA>,<class 'datetime.date'>,<NA>,19,2022-10-19 02:30:28.895471
64,CodeBlock49,16,30,D:/projects/clone/test_project/Chapter5\Buzz - Copy.java,"['   public static void zippo(String quince, int flag) { ', '      if (flag < 0) {', '', '         System.out.println(quince + "" zoop"");', '', '      } ', '      else {', '', '         System.out.println(""ik"");', '', '         baffle(quince); ', '         System.out.println(""boo-wa-ha-ha"");', '', '      }', '   }']","{'public': 1, 'static': 1, 'void': 1, 'zippo': 1, 'String': 1, 'TOKEN_VARIABLE': 6, 'int': 1, 'if': 1, 'INTEGER_LITERAL': 2, 'println': 3, 'STRING_LITERAL': 3, 'baffle': 1}",CodeBlock50,D:/projects/clone/test_project/Chapter5\Buzz.java,1,1,1,4,<NA>,<NA>,<class 'datetime.date'>,<NA>,19,2022-10-19 02:30:28.895471
65,CodeBlock50,16,30,D:/projects/clone/test_project/Chapter5\Buzz.java,"['   public static void zippo(String quince, int flag) { ', '      if (flag < 0) {', '', '         System.out.println(quince + "" zoop"");', '', '      } ', '      else {', '', '         System.out.println(""ik"");', '', '         baffle(quince); ', '         System.out.println(""boo-wa-ha-ha"");', '', '      }', '   }']","{'public': 1, 'static': 1, 'void': 1, 'zippo': 1, 'String': 1, 'TOKEN_VARIABLE': 6, 'int': 1, 'if': 1, 'INTEGER_LITERAL': 2, 'println': 3, 'STRING_LITERAL': 3, 'baffle': 1}",CodeBlock49,D:/projects/clone/test_project/Chapter5\Buzz - Copy.java,1,1,1,4,<NA>,<NA>,<class 'datetime.date'>,<NA>,19,2022-10-19 02:30:28.895471
66,CodeBlock51,27,42,D:/projects/clone/test_project/Chapter5\NumberGuessGame - Copy.java,"['   private static void guess(int answer){', '      System.out.println(""I\'m thinking of a number between 1 and 100"");', '      System.out.println(""(including both). Can you guess what it is?"");', '      System.out.print(""Type a number: "");', '      ', '      int input = console.nextInt();', '      ', '      if (input == answer){ { ', '         System.out.println(input + "" is correct!""); } ', '      }', '      else {', '         System.out.println(input + "" is too "" + (input > answer ? ""high"" : ""low""));', '         System.out.println(""Try again\\n"");', '         guess(answer);', '      }', '   }']","{'private': 1, 'static': 1, 'void': 1, 'guess': 2, 'int': 2, 'TOKEN_VARIABLE': 10, 'println': 5, 'STRING_LITERAL': 8, 'print': 1, 'nextInt': 1, 'if': 1, 'INTEGER_LITERAL': 3}",CodeBlock52,D:/projects/clone/test_project/Chapter5\NumberGuessGame.java,1,1,1,4,<NA>,<NA>,<class 'datetime.date'>,<NA>,19,2022-10-19 02:30:28.895471
67,CodeBlock52,27,42,D:/projects/clone/test_project/Chapter5\NumberGuessGame.java,"['   private static void guess(int answer){', '      System.out.println(""I\'m thinking of a number between 1 and 100"");', '      System.out.println(""(including both). Can you guess what it is?"");', '      System.out.print(""Type a number: "");', '      ', '      int input = console.nextInt();', '      ', '      if (input == answer){ { ', '         System.out.println(input + "" is correct!""); } ', '      }', '      else {', '         System.out.println(input + "" is too "" + (input > answer ? ""high"" : ""low""));', '         System.out.println(""Try again\\n"");', '         guess(answer);', '      }', '   }']","{'private': 1, 'static': 1, 'void': 1, 'guess': 2, 'int': 2, 'TOKEN_VARIABLE': 10, 'println': 5, 'STRING_LITERAL': 8, 'print': 1, 'nextInt': 1, 'if': 1, 'INTEGER_LITERAL': 3}",CodeBlock51,D:/projects/clone/test_project/Chapter5\NumberGuessGame - Copy.java,1,1,1,4,<NA>,<NA>,<class 'datetime.date'>,<NA>,19,2022-10-19 02:30:28.895471
68,CodeBlock53,35,46,D:/projects/clone/test_project/Chapter9\Recurse - Copy.java,"['   public static boolean isPalindrome(String str){', '      int length = length(str);', '      if (length == 1){ { ', '         return true; } ', '      } ', '      else if (length == 2){ {  { ', '         return first(str) == first(rest(str)); } ', '      } ', '      else {', '         return first(str) == first(reverseString(rest(str))) && isPalindrome(middle(str)); } ', '      }', '   }']","{'public': 1, 'static': 1, 'boolean': 1, 'isPalindrome': 2, 'String': 1, 'TOKEN_VARIABLE': 13, 'int': 1, 'length': 1, 'if': 2, 'INTEGER_LITERAL': 2, 'return': 3, 'first': 4, 'rest': 2, 'reverseString': 1, 'middle': 1}",CodeBlock54,D:/projects/clone/test_project/Chapter9\Recurse.java,1,1,1,4,<NA>,<NA>,<class 'datetime.date'>,<NA>,19,2022-10-19 02:30:28.895471
69,CodeBlock54,35,46,D:/projects/clone/test_project/Chapter9\Recurse.java,"['   public static boolean isPalindrome(String str){', '      int length = length(str);', '      if (length == 1){ { ', '         return true; } ', '      } ', '      else if (length == 2){ {  { ', '         return first(str) == first(rest(str)); } ', '      } ', '      else {', '         return first(str) == first(reverseString(rest(str))) && isPalindrome(middle(str)); } ', '      }', '   }']","{'public': 1, 'static': 1, 'boolean': 1, 'isPalindrome': 2, 'String': 1, 'TOKEN_VARIABLE': 13, 'int': 1, 'length': 1, 'if': 2, 'INTEGER_LITERAL': 2, 'return': 3, 'first': 4, 'rest': 2, 'reverseString': 1, 'middle': 1}",CodeBlock53,D:/projects/clone/test_project/Chapter9\Recurse - Copy.java,1,1,1,4,<NA>,<NA>,<class 'datetime.date'>,<NA>,19,2022-10-19 02:30:28.895471
70,CodeBlock55,10,42,D:/projects/clone/test_project/Chapter9\Test - Copy.java,"['   public static void main(String args[]){', '      ', '', '', '', '', '', '', '', '', '', '', '', '', '      ', '      ', '', '', '', '', '', '      ', '      ', '', '', '', '      ', '      ', '      ', '      ', '      ', '      ', '   }']","{'public': 1, 'static': 1, 'void': 1, 'main': 1, 'String': 1, 'TOKEN_VARIABLE': 1}",CodeBlock56,D:/projects/clone/test_project/Chapter9\Test.java,1,1,1,4,<NA>,<NA>,<class 'datetime.date'>,<NA>,19,2022-10-19 02:30:28.895471
71,CodeBlock56,10,42,D:/projects/clone/test_project/Chapter9\Test.java,"['   public static void main(String args[]){', '      ', '', '', '', '', '', '', '', '', '', '', '', '', '      ', '      ', '', '', '', '', '', '      ', '      ', '', '', '', '      ', '      ', '      ', '      ', '      ', '      ', '   }']","{'public': 1, 'static': 1, 'void': 1, 'main': 1, 'String': 1, 'TOKEN_VARIABLE': 1}",CodeBlock55,D:/projects/clone/test_project/Chapter9\Test - Copy.java,1,1,1,4,<NA>,<NA>,<class 'datetime.date'>,<NA>,19,2022-10-19 02:30:28.895471
